Hallo!,Hello!
Guten Morgen!,Good morning!
Guten Tag!,Good day!
Guten Abend!,Good evening!
Gute Nacht!,Good night!
Wie geht's?,How are you?
Mir geht's gut.,I’m fine.
Und dir?,And you?
Danke!,Thank you!
Bitte!,You’re welcome!
Entschuldigung!,Excuse me!
Es tut mir leid.,I’m sorry.
Ja.,Yes.
Nein.,No.
Vielleicht.,Maybe.
Ich weiß nicht.,I don’t know.
Ich verstehe.,I understand.
Ich verstehe nicht.,I don’t understand.
Können Sie das wiederholen?,Can you repeat that?
Sprechen Sie Englisch?,Do you speak English?
Wie heißt du?,What’s your name?
Ich heiße…,My name is…
Woher kommst du?,Where are you from?
Ich komme aus…,I am from…
Wie alt bist du?,How old are you?
Ich bin [Jahre alt].,I am [years old].
Schön, dich kennenzulernen!,Nice to meet you!
Ich möchte…,I would like…
Kann ich bitte… haben?,Can I please have…?
Ich habe Hunger.,I’m hungry.
Ich habe Durst.,I’m thirsty.
Was kostet das?,How much does it cost?
Wo ist die Toilette?,Where is the bathroom?
Ich brauche Hilfe.,I need help.
Das ist lecker!,That’s delicious!
Ich bin müde.,I’m tired.
Ich gehe schlafen.,I’m going to sleep.
Auf Wiedersehen!,Goodbye!
Bis bald!,See you soon!
Ich liebe dich.,I love you.
Was machst du?,What are you doing?
Wie spät ist es?,What time is it?
Wo wohnst du?,Where do you live?
Hast du Geschwister?,Do you have siblings?
Was arbeitest du?,What do you do for a living?
Kannst du mir helfen?,Can you help me?
Was ist los?,What’s going on?
Wie viel Uhr ist es?,What time is it?
Wann?,When?
Warum?,Why?
Wer?,Who?
Wie?,How?
Wo?,Where?
Was?,What?
Wohin gehst du?,Where are you going?
Wie lange dauert das?,How long does it take?
Gerne!,Gladly!
Kein Problem!,No problem!
Das ist in Ordnung.,That’s okay.
Macht nichts.,It doesn’t matter.
Alles Gute!,All the best!
Herzlichen Glückwunsch!,Congratulations!
Viel Glück!,Good luck!
Gute Besserung!,Get well soon!
Frohe Weihnachten!,Merry Christmas!
Frohes neues Jahr!,Happy New Year!
Alles klar?,Everything okay?
Viel Spaß!,Have fun!
Schöne Reise!,Have a good trip!
Pass auf dich auf!,Take care of yourself!
Gehen Sie geradeaus.,Go straight ahead.
Biegen Sie links ab.,Turn left.
Biegen Sie rechts ab.,Turn right.
An der Ecke.,At the corner.
Fahren Sie geradeaus.,Drive straight ahead.
Welche Richtung?,Which direction?
Wie komme ich zum Bahnhof?,How do I get to the train station?
Ist es weit?,Is it far?
Ich habe mich verlaufen.,I’m lost.
Wo ist der Ausgang?,Where is the exit?
Können Sie mir den Weg zeigen?,Can you show me the way?
Gibt es in der Nähe ein Hotel?,Is there a hotel nearby?
Ich möchte ein Taxi bestellen.,I’d like to order a taxi.
Wie viel kostet die Fahrt?,How much is the fare?
Haben Sie eine Speisekarte?,Do you have a menu?
Was empfehlen Sie?,What do you recommend?
Ich hätte gerne…,I would like to have…
Ich bin allergisch gegen…,I’m allergic to…
Die Rechnung, bitte.,The bill, please.
Können wir getrennt bezahlen?,Can we pay separately?
Kann ich mit Karte bezahlen?,Can I pay by card?
Ich suche…,I’m looking for…
Haben Sie…?,Do you have…?
Wie viel kostet das?,How much does it cost?
Das ist zu teuer.,That’s too expensive.
Haben Sie etwas Günstigeres?,Do you have something cheaper?
Könnte ich bitte eine Tüte haben?,Could I have a bag, please?
Das gefällt mir.,I like that.
Haben Sie das in einer anderen Farbe?,Do you have this in another color?
Könnte ich es anprobieren?,Could I try it on?
Hilfe!,Help!
Rufen Sie die Polizei!,Call the police!
Ich habe einen Unfall gehabt.,I’ve had an accident.
Ich brauche einen Arzt.,I need a doctor.
Wo ist das nächste Krankenhaus?,Where is the nearest hospital?
Ich habe meine Brieftasche verloren.,I’ve lost my wallet.
Meine Tasche wurde gestohlen.,My bag was stolen.
Ich fühle mich nicht gut.,I don’t feel well.
Können Sie mir einen Krankenwagen rufen?,Can you call me an ambulance?
Ich habe mich verletzt.,I’ve hurt myself.
Es brennt!,There’s a fire!
Ich brauche sofortige Hilfe!,I need immediate help!
Was gibt's Neues?,What’s new?
Ich freue mich darauf.,I’m looking forward to it.
Ich bin beschäftigt.,I’m busy.
Ich habe keine Zeit.,I don’t have time.
Das macht Spaß!,That’s fun!
Das ist eine gute Idee.,That’s a good idea.
Ich bin mir nicht sicher.,I’m not sure.
Das ist mir egal.,I don’t care.
Ich habe genug.,I’ve had enough.
Ich stimme zu.,I agree.
Ich stimme nicht zu.,I don’t agree.
Das klingt gut.,That sounds good.
Wie war dein Tag?,How was your day?
Ich gehe zur Arbeit.,I’m going to work.
Ich bin arbeitslos.,I’m unemployed.
Ich habe einen neuen Job.,I have a new job.
Ich studiere.,I’m studying.
Was studierst du?,What are you studying?
Ich mache ein Praktikum.,I’m doing an internship.
Ich habe eine Besprechung.,I have a meeting.
Ich bin zu spät.,I’m late.
Ich muss los.,I have to go.
Ich arbeite von zu Hause.,I’m working from home.
Ich mache Überstunden.,I’m working overtime.
Ich habe Feierabend.,I’m off work.
Ich habe Urlaub.,I’m on vacation.
Wann ist die Abgabefrist?,When is the deadline?
Wie ist das Wetter?,How’s the weather?
Es ist sonnig.,It’s sunny.
Es regnet.,It’s raining.
Es ist windig.,It’s windy.
Es ist bewölkt.,It’s cloudy.
Es schneit.,It’s snowing.
Es ist kalt.,It’s cold.
Es ist heiß.,It’s hot.
Es ist warm.,It’s warm.
Es ist kühl.,It’s cool.
Das Wetter ist schön.,The weather is nice.
Das Wetter ist schlecht.,The weather is bad.
Wie wird das Wetter morgen?,What will the weather be like tomorrow?
Es wird regnen.,It’s going to rain.
Es wird sonnig sein.,It will be sunny.
Hast du den Wetterbericht gehört?,Did you hear the weather report?
Heute.,Today.
Gestern.,Yesterday.
Morgen.,Tomorrow.
Übermorgen.,The day after tomorrow.
Diese Woche.,This week.
Letzte Woche.,Last week.
Nächste Woche.,Next week.
Jetzt.,Now.
Später.,Later.
Früh.,Early.
Spät.,Late.
Wann?,When?
Um wie viel Uhr?,At what time?
Welcher Tag ist heute?,What day is today?
Welches Datum haben wir?,What is the date today?
Es ist Zeit.,It’s time.
Ich habe keine Uhr.,I don’t have a watch.
Die Uhr geht falsch.,The clock is wrong.
Meine Familie.,My family.
Meine Eltern.,My parents.
Meine Geschwister.,My siblings.
Mein Bruder.,My brother.
Meine Schwester.,My sister.
Mein Vater.,My father.
Meine Mutter.,My mother.
Mein Freund.,My boyfriend.
Meine Freundin.,My girlfriend.
Mein Ehemann.,My husband.
Meine Ehefrau.,My wife.
Mein Sohn.,My son.
Meine Tochter.,My daughter.
Meine Großeltern.,My grandparents.
Mein Großvater.,My grandfather.
Meine Großmutter.,My grandmother.
Ich bin verheiratet.,I’m married.
Ich bin ledig.,I’m single.
Ich habe Kinder.,I have children.
Ich habe keine Kinder.,I don’t have children.
Was machst du in deiner Freizeit?,What do you do in your free time?
Ich lese gerne.,I like reading.
Ich gehe gerne ins Kino.,I like going to the movies.
Ich treibe Sport.,I play sports.
Ich spiele Fußball.,I play soccer.
Ich gehe schwimmen.,I go swimming.
Ich reise gerne.,I like traveling.
Ich schreibe eine E-Mail.,I’m writing an email.
Kannst du mir eine SMS schicken?,Can you send me a text message?
Ich rufe dich an.,I’ll call you.
Hast du meine Nachricht erhalten?,Did you get my message?
Ich kann dich nicht hören.,I can’t hear you.
Mein Akku ist leer.,My battery is dead.
Wo ist eine Steckdose?,Where is a power outlet?
Ich brauche Wi-Fi.,I need Wi-Fi.
Wie ist das WLAN-Passwort?,What’s the Wi-Fi password?
Das Internet ist langsam.,The internet is slow.
Ich habe kein Netz.,I have no signal.
Kannst du das Bild senden?,Can you send the picture?
Ich lade die App herunter.,I’m downloading the app.
Ich muss meinen Computer neu starten.,I need to restart my computer.
Die Verbindung ist schlecht.,The connection is bad.
Ich fühle mich schlecht.,I feel bad.
Ich habe Kopfschmerzen.,I have a headache.
Mir ist schwindelig.,I feel dizzy.
Ich habe Fieber.,I have a fever.
Ich bin erkältet.,I have a cold.
Ich brauche einen Arzttermin.,I need a doctor’s appointment.
Nehmen Sie Medikamente?,Do you take medication?
Ich bin allergisch gegen [Pollen].,I’m allergic to [pollen].
Ich habe Rückenschmerzen.,I have back pain.
Haben Sie etwas gegen [Kopfschmerzen]?,Do you have something for [headaches]?
Ich brauche eine Krankschreibung.,I need a sick note.
Ich habe meine Brille vergessen.,I forgot my glasses.
Ich bin schwanger.,I’m pregnant.
Ich muss mich ausruhen.,I need to rest.
Ich habe mich verletzt.,I injured myself.
Ich bin glücklich.,I am happy.
Ich bin traurig.,I am sad.
Ich bin müde.,I am tired.
Ich bin gestresst.,I am stressed.
Ich bin aufgeregt.,I am excited.
Ich bin nervös.,I am nervous.
Ich bin wütend.,I am angry.
Ich bin enttäuscht.,I am disappointed.
Ich bin überrascht.,I am surprised.
Ich habe Angst.,I am afraid.
Ich fühle mich allein.,I feel lonely.
Ich bin zufrieden.,I am content.
Ich bin stolz auf dich.,I am proud of you.
Ich fühle mich überfordert.,I feel overwhelmed.
Ich bin gelangweilt.,I am bored.
Ich bin frustriert.,I am frustrated.
Das ist mir Wurst.,I don’t care. (Lit. "That’s sausage to me.")
Das Leben ist kein Ponyhof.,Life isn’t a bed of roses. (Lit. "Life isn’t a pony farm.")
Ich drücke dir die Daumen.,I’m keeping my fingers crossed for you. (Lit. "I’m pressing my thumbs for you.")
Es ist nicht alles Gold, was glänzt.,Not everything that glitters is gold.
Da ist der Wurm drin.,Something’s not right. (Lit. "There’s a worm in it.")
Tomaten auf den Augen haben.,To be oblivious. (Lit. "To have tomatoes on your eyes.")
Ich verstehe nur Bahnhof.,It’s all Greek to me. (Lit. "I only understand train station.")
Hals- und Beinbruch!,Break a leg! (Lit. "Neck and leg break!")
Die Zeit heilt alle Wunden.,Time heals all wounds.
Reden ist Silber, Schweigen ist Gold.,Silence is golden.
Viele Köche verderben den Brei.,Too many cooks spoil the broth.
Jetzt haben wir den Salat.,Now we have a mess. (Lit. "Now we have the salad.")
Auf Wolke sieben sein.,To be on cloud nine. (Lit. "To be on cloud seven.")
Jemandem die Daumen drücken.,To keep one’s fingers crossed for someone.
Gehen wir tanzen?,Shall we go dancing?
Hast du Lust auf einen Film?,Do you feel like watching a movie?
Lass uns etwas trinken gehen.,Let’s go have a drink.
Ich lade dich ein.,I’m inviting you. (I’ll pay.)
Was machst du am Wochenende?,What are you doing this weekend?
Hast du Pläne für heute Abend?,Do you have plans for tonight?
Lass uns treffen!,Let’s meet up!
Ich kenne ein gutes Restaurant.,I know a good restaurant.
Ich möchte einen Tisch für zwei reservieren.,I’d like to reserve a table for two.
Was läuft gerade im Kino?,What’s playing at the cinema right now?
Ich gehe gerne spazieren.,I like going for walks.
Kennst du einen guten Club?,Do you know a good club?
Das war ein toller Abend!,That was a great evening!
Kommst du zur Party?,Are you coming to the party?
Das macht wirklich Spaß!,This is really fun!
Möchtest du mit mir ausgehen?,Would you like to go out with me?
Ich mag dich.,I like you.
Du bist wunderschön.,You are beautiful.
Ich denke die ganze Zeit an dich.,I think about you all the time.
Ich vermisse dich.,I miss you.
Willst du mein Freund sein?,Will you be my boyfriend?
Willst du meine Freundin sein?,Will you be my girlfriend?
Ich kann nicht ohne dich leben.,I can’t live without you.
Willst du mich heiraten?,Will you marry me?
Du bist mein Ein und Alles.,You are my everything.
Ich bin so glücklich mit dir.,I’m so happy with you.
Ich werde immer für dich da sein.,I will always be there for you.
Du bedeutest mir alles.,You mean everything to me.
Du hast mein Herz erobert.,You have conquered my heart.
Ich liebe dich von ganzem Herzen.,I love you with all my heart.
Ich finde, dass…,I think that…
Meiner Meinung nach…,In my opinion…
Ich glaube, du hast Recht.,I think you’re right.
Das ist eine schwierige Entscheidung.,That’s a difficult decision.
Ich bin mir nicht sicher, was ich machen soll.,I’m not sure what to do.
Ich brauche mehr Zeit zum Nachdenken.,I need more time to think.
Was würdest du an meiner Stelle tun?,What would you do in my place?
Ich stimme dir vollkommen zu.,I completely agree with you.
Das sehe ich anders.,I see it differently.
Ich habe meine Meinung geändert.,I changed my mind.
Der Termin ist um 10 Uhr.,The appointment is at 10 o’clock.
Ich bin zu spät.,I’m late.
Ich komme pünktlich.,I’ll be on time.
Wann hast du Zeit?,When do you have time?
Können wir den Termin verschieben?,Can we reschedule the appointment?
Wir haben den ganzen Tag Zeit.,We have the whole day.
Das Meeting dauert eine Stunde.,The meeting lasts one hour.
Ich habe noch fünf Minuten.,I still have five minutes.
Ich bin in einer halben Stunde da.,I’ll be there in half an hour.
Der Zug kommt um 14 Uhr an.,The train arrives at 2 PM.
Ich habe es eilig.,I’m in a hurry.
Lass uns nicht zu spät kommen.,Let’s not be late.
Der Wecker klingelt um 7 Uhr.,The alarm rings at 7 AM.
Ich kann nicht länger warten.,I can’t wait any longer.
Es ist höchste Zeit zu gehen.,It’s high time to go.
Ich arbeite als [Lehrer].,I work as a [teacher].
Ich habe eine Besprechung.,I have a meeting.
Ich muss Überstunden machen.,I have to work overtime.
Hast du den Bericht fertig?,Do you have the report ready?
Wir müssen eine Präsentation vorbereiten.,We have to prepare a presentation.
Das ist ein wichtiges Projekt.,This is an important project.
Ich brauche eine Pause.,I need a break.
Wann ist die Deadline?,When is the deadline?
Ich bin sehr beschäftigt.,I’m very busy.
Hast du meine E-Mail erhalten?,Did you get my email?
Ich bin in einer Videokonferenz.,I’m in a video conference.
Ich werde den Kunden anrufen.,I will call the client.
Wir müssen das Budget besprechen.,We need to discuss the budget.
Ich bin verantwortlich für dieses Projekt.,I’m responsible for this project.
Ich brauche mehr Informationen.,I need more information.
Ich studiere an der Universität.,I study at the university.
Ich habe eine Prüfung nächste Woche.,I have an exam next week.
Ich lerne Deutsch.,I’m learning German.
Kannst du mir das erklären?,Can you explain that to me?
Ich brauche Nachhilfe.,I need tutoring.
Ich habe mein Buch vergessen.,I forgot my book.
Das ist meine Lieblingsfach.,That’s my favorite subject.
Ich muss für die Prüfung lernen.,I need to study for the exam.
Das ist eine schwierige Aufgabe.,That’s a difficult task.
Ich bin gut in Mathe.,I’m good at math.
Ich habe die Hausaufgaben gemacht.,I did the homework.
Kann ich deine Notizen ausleihen?,Can I borrow your notes?
Ich verstehe das nicht.,I don’t understand that.
Ich habe eine gute Note bekommen.,I got a good grade.
Ich muss meine Abschlussarbeit schreiben.,I need to write my thesis.
Wann fährt der nächste Zug?,When does the next train leave?
Wo ist die Bushaltestelle?,Where is the bus stop?
Ich brauche eine Fahrkarte nach Berlin.,I need a ticket to Berlin.
Wie komme ich zum Flughafen?,How do I get to the airport?
Gibt es einen Direktflug nach München?,Is there a direct flight to Munich?
Wie lange dauert die Fahrt?,How long does the trip take?
Muss ich umsteigen?,Do I have to change trains?
Wo kann ich ein Taxi nehmen?,Where can I get a taxi?
Ist dieser Platz frei?,Is this seat taken?
Der Zug hat Verspätung.,The train is delayed.
Ich möchte ein Auto mieten.,I’d like to rent a car.
Brauchen Sie einen Reisepass?,Do you need a passport?
Wann landen wir?,When do we land?
Haben Sie Ihr Gepäck?,Do you have your luggage?
Wo ist die Information?,Where is the information desk?
Kann ich Ihnen helfen?,Can I help you?
Ich suche nach [einer Jacke].,I’m looking for [a jacket].
Welche Größe haben Sie?,What size do you wear?
Kann ich das anprobieren?,Can I try this on?
Haben Sie das in einer anderen Farbe?,Do you have this in another color?
Wie viel kostet das?,How much does this cost?
Das ist mir zu teuer.,That’s too expensive for me.
Gibt es einen Rabatt?,Is there a discount?
Kann ich mit Kreditkarte zahlen?,Can I pay with a credit card?
Wo ist die Kasse?,Where is the checkout?
Ich möchte das zurückgeben.,I’d like to return this.
Haben Sie einen Kassenzettel?,Do you have a receipt?
Kann ich eine Tüte bekommen?,Can I get a bag?
Haben Sie eine Kundenkarte?,Do you have a loyalty card?
Ich möchte das umtauschen.,I’d like to exchange this.
Ich brauche Hilfe!,I need help!
Rufen Sie die Polizei!,Call the police!
Rufen Sie einen Krankenwagen!,Call an ambulance!
Es ist ein Notfall!,It’s an emergency!
Ich habe meine Brieftasche verloren.,I lost my wallet.
Ich habe mich verlaufen.,I’m lost.
Ich wurde bestohlen.,I was robbed.
Wo ist die nächste Apotheke?,Where is the nearest pharmacy?
Ich brauche einen Arzt.,I need a doctor.
Wo ist das Krankenhaus?,Where is the hospital?
Ich habe mich verletzt.,I hurt myself.
Ich habe einen Unfall gehabt.,I had an accident.
Gibt es einen Notausgang?,Is there an emergency exit?
Bleiben Sie ruhig.,Stay calm.
Haben Sie Feuer?,Do you have a fire?
Ich habe meinen Pass verloren.,I lost my passport.
Wo ist die Botschaft?,Where is the embassy?
Ich brauche ein Taxi.,I need a taxi.
Können Sie mich zur nächsten Polizeistation bringen?,Can you take me to the nearest police station?
Ist jemand verletzt?,Is anyone injured?
Kann ich ein Telefon benutzen?,Can I use a phone?
Ich brauche Wasser.,I need water.
Wo kann ich ein Hotel finden?,Where can I find a hotel?
Gibt es hier eine Notrufnummer?,Is there an emergency number here?
Ich bin hungrig.,I’m hungry.
Ich bin durstig.,I’m thirsty.
Könnten Sie mir die Speisekarte bringen?,Could you bring me the menu?
Was empfehlen Sie?,What do you recommend?
Ich bin Vegetarier.,I’m a vegetarian.
Gibt es glutenfreie Optionen?,Are there gluten-free options?
Ich möchte bestellen.,I’d like to order.
Das schmeckt lecker!,This tastes delicious!
Ich hätte gerne ein Glas Wasser.,I’d like a glass of water.
Könnte ich die Rechnung bekommen?,Could I get the bill?
Könnte ich ein bisschen mehr Brot haben?,Could I have some more bread?
Ich hätte gerne das Tagesgericht.,I’d like the dish of the day.
Ist das scharf?,Is it spicy?
Ich hätte gerne eine Vorspeise.,I’d like an appetizer.
Ich bin allergisch gegen Nüsse.,I’m allergic to nuts.
Könnten Sie das bitte ohne [Zwiebeln] machen?,Could you make that without [onions]?
Kann ich das mitnehmen?,Can I take this to go?
Das Fleisch ist nicht durchgebraten.,The meat is undercooked.
Das ist zu salzig.,This is too salty.
Haben Sie vegetarische Gerichte?,Do you have vegetarian dishes?
Ich habe keinen Appetit.,I’m not hungry.
Wie ist das Wetter heute?,How is the weather today?
Es regnet.,It’s raining.
Es schneit.,It’s snowing.
Die Sonne scheint.,The sun is shining.
Es ist bewölkt.,It’s cloudy.
Es ist windig.,It’s windy.
Es ist heiß.,It’s hot.
Es ist kalt.,It’s cold.
Es ist neblig.,It’s foggy.
Es ist schwül.,It’s humid.
Es gibt ein Gewitter.,There’s a thunderstorm.
Es ist stürmisch.,It’s stormy.
Wie viel Grad sind es?,What’s the temperature?
Es ist sehr windig heute.,It’s very windy today.
Das Wetter ist herrlich.,The weather is lovely.
Was sind deine Hobbys?,What are your hobbies?
Ich spiele gerne Fußball.,I like playing soccer.
Ich lese gerne Bücher.,I like reading books.
Ich höre gerne Musik.,I like listening to music.
Ich gehe gerne wandern.,I like hiking.
Ich male gerne.,I like painting.
Ich spiele gerne Videospiele.,I like playing video games.
Ich tanze gerne.,I like dancing.
Ich koche gerne.,I like cooking.
Ich spiele ein Instrument.,I play an instrument.
Ich gehe gerne angeln.,I like fishing.
Ich fotografiere gerne.,I like taking photos.
Ich gehe gerne ins Kino.,I like going to the cinema.
Ich schaue gerne Serien.,I like watching series.
Ich reise gerne.,I like traveling.
Hast du Geschwister?,Do you have siblings?
Ich habe einen Bruder.,I have a brother.
Ich habe eine Schwester.,I have a sister.
Ich bin verheiratet.,I am married.
Ich bin ledig.,I am single.
Ich habe Kinder.,I have children.
Ich lebe mit meinen Eltern.,I live with my parents.
Meine Familie ist groß.,My family is big.
Wir verstehen uns gut.,We get along well.
Ich habe eine enge Beziehung zu meiner Mutter.,I have a close relationship with my mother.
Mein Vater ist sehr freundlich.,My father is very friendly.
Ich bin der Jüngste in der Familie.,I am the youngest in the family.
Ich habe eine große Verwandtschaft.,I have a large extended family.
Wir treffen uns oft.,We meet often.
Ich habe eine große Familie.,I have a big family.
Können Sie mir den Weg zeigen?,Can you show me the way?
Wie komme ich zum Bahnhof?,How do I get to the train station?
Ist es weit von hier?,Is it far from here?
Wo ist die nächste U-Bahn-Station?,Where is the nearest subway station?
In welche Richtung ist das Stadtzentrum?,In which direction is the city center?
Gehen Sie geradeaus.,Go straight ahead.
Biegen Sie links ab.,Turn left.
Biegen Sie rechts ab.,Turn right.
Es ist gleich um die Ecke.,It’s just around the corner.
Wie weit ist es?,How far is it?
Es ist in der Nähe.,It’s nearby.
Kann ich das zu Fuß erreichen?,Can I reach it on foot?
Ich habe mich verlaufen.,I got lost.
Gibt es hier einen Stadtplan?,Is there a map of the city here?
Können Sie mir das auf der Karte zeigen?,Can you show me that on the map?
Guten Morgen!,Good morning!
Guten Tag!,Good afternoon!
Guten Abend!,Good evening!
Gute Nacht!,Good night!
Wie geht’s?,How are you?
Mir geht’s gut, danke.,I’m fine, thank you.
Und dir?,And you?
Schön, dich zu sehen!,Nice to see you!
Bis später!,See you later!
Tschüss!,Bye!
Auf Wiedersehen!,Goodbye!
Entschuldigung!,Excuse me!
Bitte.,Please.
Danke.,Thank you.
Vielen Dank!,Many thanks!
Gern geschehen!,You’re welcome!
Kein Problem.,No problem.
Es tut mir leid.,I’m sorry.
Wie spät ist es?,What time is it?
Es ist [drei] Uhr.,It’s [three] o’clock.
Frohe Weihnachten!,Merry Christmas!
Frohes Neues Jahr!,Happy New Year!
Alles Gute zum Geburtstag!,Happy Birthday!
Herzlichen Glückwunsch!,Congratulations!
Viel Glück!,Good luck!
Gute Besserung!,Get well soon!
Frohe Ostern!,Happy Easter!
Schöne Feiertage!,Happy Holidays!
Schönen Valentinstag!,Happy Valentine’s Day!
Frohes Fest!,Happy holidays!
Prost!,Cheers!
Genieße deinen Tag!,Enjoy your day!
Alles Gute zur Hochzeit!,Congratulations on your wedding!
Viel Erfolg!,Much success!
Ich wünsche dir alles Gute!,I wish you all the best!
Ich brauche einen Arzt.,I need a doctor.
Ich fühle mich krank.,I feel sick.
Ich habe Schmerzen.,I have pain.
Wo ist das Krankenhaus?,Where is the hospital?
Ich brauche Medikamente.,I need medication.
Haben Sie Aspirin?,Do you have aspirin?
Ich habe Fieber.,I have a fever.
Ich habe mich verbrannt.,I burned myself.
Ich habe einen Insektenstich.,I have an insect bite.
Ich bin allergisch gegen [Pollen].,I’m allergic to [pollen].
Ich brauche ein Rezept.,I need a prescription.
Ich habe eine Erkältung.,I have a cold.
Mein Bauch tut weh.,My stomach hurts.
Haben Sie einen Zahnarzt?,Do you have a dentist?
Ich brauche eine Brille.,I need glasses.
Wann ist der Abflug?,When is the departure?
Wo ist das Terminal?,Where is the terminal?
Ist der Flug verspätet?,Is the flight delayed?
Wo ist die Gepäckausgabe?,Where is the baggage claim?
Haben Sie etwas zu deklarieren?,Do you have anything to declare?
Wo kann ich ein Taxi nehmen?,Where can I get a taxi?
Kann ich mein Gepäck hier aufgeben?,Can I check in my luggage here?
Wo ist die Sicherheitskontrolle?,Where is the security check?
Wie lange dauert der Flug?,How long is the flight?
Gibt es eine Gepäckaufbewahrung?,Is there a luggage storage?
Wann boarden wir?,When do we board?
Ist das der richtige Flugsteig?,Is this the right gate?
Ich habe meinen Flug verpasst.,I missed my flight.
Kann ich einen früheren Flug nehmen?,Can I take an earlier flight?
Wo ist der Ausgang?,Where is the exit?
Hallo, wer ist da?,Hello, who is this?
Kann ich mit [Anna] sprechen?,Can I speak with [Anna]?
Einen Moment, bitte.,One moment, please.
Ich rufe später zurück.,I’ll call back later.
Kannst du mir eine Nachricht hinterlassen?,Can you leave me a message?
Ich habe deinen Anruf verpasst.,I missed your call.
Können Sie das wiederholen?,Can you repeat that?
Die Verbindung ist schlecht.,The connection is bad.
Kannst du mir die Nummer geben?,Can you give me the number?
Ich rufe aus dem Ausland an.,I’m calling from abroad.
Haben Sie meine Nachricht erhalten?,Did you get my message?
Ich kann dich nicht hören.,I can’t hear you.
Ich habe kein Signal.,I have no signal.
Kannst du mir eine SMS schicken?,Can you send me a text message?
Wie lautet deine Telefonnummer?,What’s your phone number?
Ich kann mich nicht einloggen.,I can’t log in.
Mein Computer ist abgestürzt.,My computer crashed.
Das Internet ist langsam.,The internet is slow.
Kannst du das drucken?,Can you print that?
Ich brauche einen neuen Akku.,I need a new battery.
Wie funktioniert das?,How does this work?
Mein Handy ist kaputt.,My phone is broken.
Ich brauche ein Ladegerät.,I need a charger.
Hast du WLAN?,Do you have Wi-Fi?
Der Bildschirm ist eingefroren.,The screen is frozen.
Kannst du das speichern?,Can you save that?
Wie verbinde ich mich mit dem Internet?,How do I connect to the internet?
Der Drucker funktioniert nicht.,The printer isn’t working.
Ich habe mein Passwort vergessen.,I forgot my password.
Wo ist die nächste Steckdose?,Where is the nearest power outlet?
Wie sagt man das auf Deutsch?,How do you say that in German?
Können Sie mir helfen?,Can you help me?
Ich verstehe nicht.,I don’t understand.
Könnten Sie das bitte wiederholen?,Could you please repeat that?
Ich spreche nur ein wenig Deutsch.,I speak only a little German.
Sprechen Sie Englisch?,Do you speak English?
Ich bin ein Tourist.,I am a tourist.
Was bedeutet das?,What does that mean?
Können Sie das langsamer sagen?,Can you say that more slowly?
Könnten Sie mir ein Beispiel geben?,Could you give me an example?
Ich lerne Deutsch.,I am learning German.
Können Sie das für mich aufschreiben?,Can you write that down for me?
Ich brauche eine Übersetzung.,I need a translation.
Haben Sie eine Frage?,Do you have a question?
Ich übe Deutsch.,I’m practicing German.
Ich habe einen Termin.,I have an appointment.
Was sind Ihre Symptome?,What are your symptoms?
Ich habe Kopfschmerzen.,I have a headache.
Ich fühle mich schwindlig.,I feel dizzy.
Ich habe Fieber.,I have a fever.
Ich habe Husten.,I have a cough.
Ich habe Halsschmerzen.,I have a sore throat.
Ich habe Rückenschmerzen.,I have back pain.
Ich bin erkältet.,I have a cold.
Ich habe Magenschmerzen.,I have a stomachache.
Ich brauche eine Krankmeldung.,I need a sick note.
Ich habe eine Allergie.,I have an allergy.
Haben Sie Medikamente verschrieben bekommen?,Have you been prescribed any medication?
Ich brauche eine Überweisung.,I need a referral.
Ich muss ins Krankenhaus.,I need to go to the hospital.
Wo ist der nächste Geldautomat?,Where is the nearest ATM?
Ich möchte Geld abheben.,I’d like to withdraw money.
Ich möchte Geld einzahlen.,I’d like to deposit money.
Ich brauche Kleingeld.,I need small change.
Kann ich hier Geld wechseln?,Can I exchange money here?
Ich möchte eine Überweisung machen.,I’d like to make a transfer.
Wie hoch sind die Gebühren?,What are the fees?
Ich habe meine Bankkarte verloren.,I lost my bank card.
Kann ich mit Kreditkarte bezahlen?,Can I pay with a credit card?
Wie hoch ist mein Kontostand?,What is my account balance?
Kann ich einen Kontoauszug bekommen?,Can I get a bank statement?
Ich brauche eine Beratung.,I need some advice.
Wo kann ich ein Darlehen beantragen?,Where can I apply for a loan?
Ich möchte mein Konto schließen.,I’d like to close my account.
Ich möchte einen Brief verschicken.,I’d like to send a letter.
Wie lange dauert die Zustellung?,How long does the delivery take?
Ich möchte einen Einschreibebrief senden.,I’d like to send a registered letter.
Haben Sie Briefmarken?,Do you have stamps?
Ich habe ein Paket zur Abholung.,I have a package to pick up.
Kann ich den Brief verfolgen?,Can I track the letter?
Wann kommt die Post?,When does the mail arrive?
Wo ist der Briefkasten?,Where is the mailbox?
Ich brauche einen Umschlag.,I need an envelope.
Kann ich das versichern?,Can I insure this?
Was ist die Postleitzahl?,What is the postal code?
Können Sie mir einen Lieferschein geben?,Can you give me a receipt?
Wann schließen Sie?,When do you close?
Gibt es eine Expresslieferung?,Is there an express delivery?
Ich suche eine Wohnung.,I’m looking for an apartment.
Wie hoch ist die Miete?,What is the rent?
Ist die Wohnung möbliert?,Is the apartment furnished?
Wie lange ist der Mietvertrag?,How long is the lease?
Kann ich die Wohnung besichtigen?,Can I view the apartment?
Gibt es eine Kaution?,Is there a security deposit?
Wie ist die Nachbarschaft?,How is the neighborhood?
Wie viele Zimmer hat die Wohnung?,How many rooms does the apartment have?
Gibt es einen Parkplatz?,Is there parking?
Ist die Wohnung in der Nähe von öffentlichen Verkehrsmitteln?,Is the apartment close to public transport?
Ist das Haustier erlaubt?,Are pets allowed?
Wann kann ich einziehen?,When can I move in?
Wie hoch sind die Nebenkosten?,What are the utility costs?
Ich möchte den Mietvertrag kündigen.,I’d like to terminate the lease.
Wie heißt du?,What’s your name?
Woher kommst du?,Where are you from?
Wie alt bist du?,How old are you?
Wie war dein Tag?,How was your day?
Was machst du in deiner Freizeit?,What do you do in your free time?
Hast du Pläne für das Wochenende?,Do you have plans for the weekend?
Was hast du gestern gemacht?,What did you do yesterday?
Hast du Geschwister?,Do you have siblings?
Welche Hobbys hast du?,What hobbies do you have?
Warst du schon mal in [Berlin]?,Have you ever been to [Berlin]?
Was ist dein Lieblingsessen?,What’s your favorite food?
Wie war dein Urlaub?,How was your vacation?
Siehst du gerne Filme?,Do you like watching movies?
Was ist dein Lieblingsbuch?,What’s your favorite book?
Haben Sie eine Tischreservierung?,Do you have a reservation?
Für wie viele Personen?,For how many people?
Möchten Sie drinnen oder draußen sitzen?,Would you like to sit inside or outside?
Was möchten Sie bestellen?,What would you like to order?
Was ist die Suppe des Tages?,What is the soup of the day?
Ich hätte gerne ein Glas Rotwein.,I’d like a glass of red wine.
Können Sie mir die Rechnung bringen?,Can you bring me the bill?
Das Essen war köstlich.,The food was delicious.
Ich habe eine Reservierung auf den Namen [Müller].,I have a reservation under the name [Müller].
Kann ich die Speisekarte sehen?,Can I see the menu?
Könnte ich bitte noch etwas Wasser haben?,Could I have some more water, please?
Haben Sie vegetarische Gerichte?,Do you have vegetarian dishes?
Ich hätte gerne das gleiche.,I’d like the same.
Ist das alles zusammen?,Is this all together?
Wo finde ich [Milch]?,Where can I find [milk]?
Haben Sie Bio-Produkte?,Do you have organic products?
Ist das im Angebot?,Is this on sale?
Kann ich das in bar bezahlen?,Can I pay for this in cash?
Wo ist die Kasse?,Where is the checkout?
Kann ich das zurückgeben?,Can I return this?
Brauchen Sie eine Tüte?,Do you need a bag?
Könnten Sie das einpacken?,Could you wrap that up?
Ich habe mein eigenes Körbchen.,I have my own basket.
Haben Sie frisches Obst?,Do you have fresh fruit?
Gibt es hier eine Bäckerei?,Is there a bakery here?
Wie spät schließen Sie?,What time do you close?
Ich suche [Kartoffeln].,I’m looking for [potatoes].
Haben Sie das in einer kleineren Größe?,Do you have this in a smaller size?
Ich habe eine Reservierung.,I have a reservation.
Wann ist der Check-in?,When is check-in?
Wann ist der Check-out?,When is check-out?
Gibt es WLAN im Zimmer?,Is there Wi-Fi in the room?
Wo ist das Frühstücksbuffet?,Where is the breakfast buffet?
Ist das Frühstück inklusive?,Is breakfast included?
Können Sie mir bitte den Zimmerschlüssel geben?,Can you please give me the room key?
Gibt es einen Fitnessraum?,Is there a gym?
Kann ich mein Gepäck hier lassen?,Can I leave my luggage here?
Können Sie mir einen Weckruf geben?,Can you give me a wake-up call?
Wo ist der Aufzug?,Where is the elevator?
Wie ist die Aussicht vom Zimmer?,How is the view from the room?
Könnte ich bitte ein zusätzliches Kissen haben?,Could I have an extra pillow, please?
Gibt es hier einen Safe?,Is there a safe here?
Entschuldigung, können Sie mir helfen?,Excuse me, can you help me?
Wo ist die nächste U-Bahn-Station?,Where is the nearest subway station?
Wie komme ich zum Bahnhof?,How do I get to the train station?
Wie weit ist es bis zum [Museum]?,How far is it to the [museum]?
Können Sie mir den Weg zeigen?,Can you show me the way?
Wie lange dauert es, dorthin zu gelangen?,How long does it take to get there?
Ist es in der Nähe?,Is it nearby?
Gibt es in der Nähe ein Café?,Is there a café nearby?
Wie komme ich zu [der Straße]?,How do I get to [Street]?
Kann ich hier parken?,Can I park here?
Ist das weit von hier?,Is it far from here?
Welcher Bus fährt zum [Zentrum]?,Which bus goes to [the center]?
Gibt es hier in der Nähe ein Hotel?,Is there a hotel nearby?
Ist es sicher, hier zu gehen?,Is it safe to walk here?
Hilfe!,Help!
Rufen Sie die Polizei!,Call the police!
Ich brauche einen Arzt.,I need a doctor.
Wo ist das nächste Krankenhaus?,Where is the nearest hospital?
Gibt es hier einen Notruf?,Is there an emergency phone here?
Ich bin verletzt.,I’m injured.
Ich habe mich verlaufen.,I’m lost.
Ich wurde bestohlen.,I’ve been robbed.
Wo ist die Botschaft?,Where is the embassy?
Ich brauche Hilfe.,I need help.
Kannst du mir deinen Standort senden?,Can you send me your location?
Wo ist die Notaufnahme?,Where is the emergency room?
Können Sie mir die Telefonnummer eines Arztes geben?,Can you give me the phone number of a doctor?
Wie lautet die Notrufnummer?,What is the emergency number?
Wo ist der Check-in-Schalter?,Where is the check-in counter?
Kann ich meinen Pass sehen?,Can I see your passport?
Gibt es eine Verspätung?,Is there a delay?
Wann geht der Flug nach [Berlin]?,When is the flight to [Berlin]?
Haben Sie Übergepäck?,Do you have excess baggage?
Wann beginnt das Boarding?,When does boarding start?
Wo ist das Gate?,Where is the gate?
Können Sie mir helfen, das Gepäck zu tragen?,Can you help me carry the luggage?
Haben Sie Flüssigkeiten in Ihrem Handgepäck?,Do you have liquids in your carry-on?
Wie lange dauert der Flug?,How long is the flight?
Wo ist die Gepäckausgabe?,Where is the baggage claim?
Haben Sie den Flug verpasst?,Did you miss the flight?
Ist das der Flug nach [Berlin]?,Is this the flight to [Berlin]?
Gibt es kostenloses WLAN?,Is there free Wi-Fi?
Ich brauche etwas gegen Kopfschmerzen.,I need something for a headache.
Haben Sie etwas gegen Halsschmerzen?,Do you have something for a sore throat?
Ist das rezeptfrei erhältlich?,Is this available without a prescription?
Wie oft sollte ich das einnehmen?,How often should I take this?
Gibt es Nebenwirkungen?,Are there any side effects?
Haben Sie etwas gegen Allergien?,Do you have something for allergies?
Ich brauche eine Salbe.,I need an ointment.
Können Sie mir das erklären?,Can you explain that to me?
Ist das für Kinder geeignet?,Is this suitable for children?
Haben Sie Fieberthermometer?,Do you have thermometers?
Wie lange dauert es?,How long does it take?
Ich möchte nur die Spitzen schneiden lassen.,I only want the ends trimmed.
Können Sie mir einen Pony schneiden?,Can you cut me some bangs?
Ich hätte gerne eine Hochsteckfrisur.,I’d like an updo.
Machen Sie auch Bartpflege?,Do you also do beard grooming?
Wie viel kostet es?,How much does it cost?
Muss ich einen Termin vereinbaren?,Do I need to make an appointment?
Können Sie meine Haare glätten?,Can you straighten my hair?
Haben Sie Haarpflegeprodukte?,Do you have hair care products?
Gibt es Rabatte?,Are there discounts?
Kann ich einen Mitgliedsausweis bekommen?,Can I get a membership card?
Wie viel kostet die Mitgliedschaft?,How much does the membership cost?
Welche Kurse bieten Sie an?,What classes do you offer?
Haben Sie Personal Trainer?,Do you have personal trainers?
Wie lange ist das Fitnessstudio geöffnet?,How long is the gym open?
Kann ich eine Schnupperstunde machen?,Can I do a trial class?
Gibt es einen Wellnessbereich?,Is there a wellness area?
Kann ich den Kursplan sehen?,Can I see the class schedule?
Wo sind die Umkleideräume?,Where are the changing rooms?
Gibt es einen Ernährungsberater?,Is there a nutritionist?
Kann ich das Fitnessgerät benutzen?,Can I use the exercise equipment?
Haben Sie Handtücher zur Verfügung?,Do you have towels available?
Gibt es Yoga-Kurse?,Are there yoga classes?
Wo ist der Pool?,Where is the pool?
Kann ich meinen Mitgliedsvertrag kündigen?,Can I cancel my membership contract?
Wo ist die Ausleihe?,Where is the checkout?
Kann ich dieses Buch ausleihen?,Can I borrow this book?
Wie lange kann ich das Buch behalten?,How long can I keep the book?
Kann ich das Buch verlängern?,Can I renew the book?
Gibt es eine Kopiermaschine?,Is there a photocopier?
Wo ist der Lesesaal?,Where is the reading room?
Haben Sie dieses Buch in Englisch?,Do you have this book in English?
Ich suche nach einem bestimmten Buch.,I’m looking for a specific book.
Wo ist die Kinderabteilung?,Where is the children’s section?
Kann ich hier lernen?,Can I study here?
Gibt es WLAN?,Is there Wi-Fi?
Kann ich mich hier anmelden?,Can I sign up here?
Gibt es eine Rückgabebox?,Is there a return box?
Wo sind die neuen Bücher?,Where are the new books?
Können Sie mir helfen, das Buch zu finden?,Can you help me find the book?
Frohe Weihnachten!,Merry Christmas!
Frohes neues Jahr!,Happy New Year!
Alles Gute zum Geburtstag!,Happy Birthday!
Herzlichen Glückwunsch!,Congratulations!
Frohe Ostern!,Happy Easter!
Schöne Feiertage!,Happy holidays!
Gutes neues Jahr!,Have a good new year!
Gute Reise!,Have a good trip!
Viel Glück!,Good luck!
Gute Besserung!,Get well soon!
Herzlichen Glückwunsch zum Jubiläum!,Congratulations on your anniversary!
Fröhliche Weihnachten und ein gutes neues Jahr!,Merry Christmas and a Happy New Year!
Alles Liebe zur Hochzeit!,Best wishes on your wedding!
Schönen Valentinstag!,Happy Valentine’s Day!
Frohes Fest!,Happy celebration!
Darf ich reinkommen?,May I come in?
Wie lautet die Hausaufgabe?,What is the homework?
Können Sie das nochmal erklären?,Can you explain that again?
Wie buchstabiert man das?,How do you spell that?
Können Sie mir das bitte erklären?,Can you please explain this to me?
Können wir das aufschreiben?,Can we write this down?
Ich habe eine Frage.,I have a question.
Was bedeutet dieses Wort?,What does this word mean?
Kann ich die Antwort bekommen?,Can I get the answer?
Ich verstehe das nicht.,I don’t understand this.
Kann ich das Buch sehen?,Can I see the book?
Kann ich das Fenster öffnen?,Can I open the window?
Können wir eine Pause machen?,Can we take a break?
Wann ist die Prüfung?,When is the exam?
Ist das richtig?,Is that correct?
Wie heißt das auf Deutsch?,What is this called in German?
Können Sie das langsamer sagen?,Can you say that slower?
Wie spricht man das aus?,How do you pronounce this?
Können Sie das für mich schreiben?,Can you write that down for me?
Was ist die Bedeutung dieses Wortes?,What is the meaning of this word?
Wie sagt man das auf Englisch?,How do you say this in English?
Wie buchstabiert man das auf Deutsch?,How do you spell that in German?
Ich lerne Deutsch.,I’m learning German.
Ich verstehe das Wort nicht.,I don’t understand the word.
Können Sie mir bei der Aussprache helfen?,Can you help me with the pronunciation?
Was ist das Gegenteil von [gut]?,What is the opposite of [good]?
Können Sie mir ein Beispiel geben?,Can you give me an example?
Wie verwendet man dieses Wort?,How do you use this word?
Was ist der Unterschied zwischen [diesem] und [jenem]?,What is the difference between [this] and [that]?
Können Sie mir einen Satz mit diesem Wort geben?,Can you give me a sentence with this word?
Wann beginnt der Film?,When does the movie start?
Gibt es noch Karten für den Film?,Are there still tickets for the movie?
Kann ich zwei Tickets kaufen?,Can I buy two tickets?
Wie viel kostet ein Ticket?,How much is a ticket?
Wo ist der Kinosaal?,Where is the cinema hall?
Welche Filme laufen gerade?,What movies are showing right now?
Haben Sie einen Filmplan?,Do you have a movie schedule?
Gibt es einen Rabatt für Studenten?,Is there a discount for students?
Könnte ich bitte Popcorn haben?,Could I please have some popcorn?
Wo ist der nächste Ausgang?,Where is the nearest exit?
Kann ich meine Reservierung ändern?,Can I change my reservation?
Wann endet der Film?,When does the movie end?
Gibt es eine Pause im Film?,Is there an intermission in the movie?
Ich hätte gerne einen Platz in der Mitte.,I’d like a seat in the middle.
Könnte ich einen Beleg bekommen?,Could I get a receipt?